1138, 1160, 294, 5199, 4738, 7157
7042, 1197, 5124, 3476, 2122, 4201
3255, 3309, 3647, 6560, 8, 3473
3128, 2637, 2659, 696, 6995, 687
7042, 1197, 6220, 1138, 1160, 294
3128, 2637, 2659, 3255, 3309, 3647
5199, 4738, 7157, 2122, 599, 3476
2122, 599, 3476, 696, 6995, 687
2122, 599, 3476, 696, 6995, 687
2122, 599, 3476, 696, 6995, 687
2122, 599, 3476, 7157, 4322, 5199
696, 6995, 687, 6560, 8, 3473
3255, 3309, 3647, 7157, 4738, 5199
7042, 1197, 5124, 6560, 8, 3473
7230, 294, 1138, 3476, 6560, 6220
7447, 5857, 1197, 4201, 1836, 1138
3309, 5124, 3476, 2637, 3952, 4322
2659, 3255, 691, 4276, 599, 687
6995, 4123, 1160, 8, 4999, 4738
3473, 696, 597, 6560, 8006, 3128
4079, 4276, 294, 5199, 5857, 1836
7230, 2659, 4123, 2122, 4322, 7042
8006, 7447, 7157, 3309, 6995, 599
6072, 3128, 4738, 4201, 1197, 687
8, 5124, 6560, 3255, 4999, 3952
597, 6995, 4201, 2659, 5124, 4079
3476, 4141, 691, 696, 6220, 1160
2658, 1138, 597, 3647, 2637, 3473
1197, 2122, 4079, 4123, 7447, 6560
6072, 1836, 7042, 3476, 599, 3255
4276, 3309, 3128, 1138, 4141, 4999
7230, 4201, 691, 8006, 294, 3952
3647, 696, 4738, 6995, 5199, 5124
7157, 8, 1160, 2658, 5857, 2659
687, 2637, 597, 6220, 3473, 4322
3647, 7447, 7042, 3952, 4141, 6560
3255, 4322, 4141, 4123, 8006, 2658
7230, 5857, 3128, 1160, 691, 5199
6220, 3309, 1197, 2658, 3255, 8
6995, 1836, 696, 4322, 6072, 1138
4201, 4276, 7157, 4079, 3476, 2637
2659, 294, 599, 4999, 4123, 3473
687, 2122, 8006, 597, 5124, 4738
3309, 4322, 8, 5199, 4079, 4201
2637, 7042, 4123, 691, 1836, 3128
3473, 6560, 2122, 8006, 6072, 6995
3952, 2659, 7157, 1197, 696, 1138
3647, 1160, 2122, 1836, 3309, 7157
6220, 4276, 2658, 7230, 599, 4738
5857, 3476, 4999, 3647, 687, 4141
3255, 294, 5124, 1160, 597, 7447
1138, 3952, 2122, 2658, 599, 4079
4141, 1836, 7230, 8, 687, 2659
7042, 4738, 3309, 691, 696, 5124
6072, 1197, 294, 3647, 597, 8006
6560, 4999, 6995, 5857, 2637, 6220
4123, 4201, 3255, 3473, 5199, 7157
3128, 1160, 3476, 4276, 4322, 7447
4999, 6072, 5199, 7042, 691, 1197
1836, 4738, 2659, 3309, 294, 6560
4123, 5124, 1138, 6072, 4141, 8
696, 4079, 3128, 2122, 5857, 3255
2658, 691, 3473, 7447, 6995, 3476
6220, 3952, 687, 3647, 4276, 5199
597, 7230, 4322, 1197, 599, 7157
7042, 4999, 1160, 8006, 4201, 2637
3952, 4079, 1836, 3473, 4141, 4738
691, 5857, 1138, 597, 2122, 3309
599, 5199, 6560, 1160, 5124, 2658
3473, 687, 7447, 8, 4276, 696
7447, 6072, 696, 2637, 4999, 7230
4322, 7157, 6995, 687, 7042, 294
3255, 6220, 3647, 3128, 4201, 2659
8006, 3476, 4276, 4123, 1197, 8
2658, 696, 4999, 294, 597, 1836
5857, 4079, 3473, 6220, 7042, 5124
6995, 2637, 4141, 7230, 1197, 3255
4201, 4322, 6560, 2122, 691, 4276
8006, 4738, 5199, 3476, 2659, 1138
7447, 8, 599, 3128, 3647, 7157
599, 2637, 3128, 3952, 5857, 4738
687, 4123, 6072, 1160, 3309, 3952
4141, 6220, 5199, 2122, 7157, 6072
2658, 294, 3647, 7042, 7230, 4079
696, 6995, 687, 2122, 4201, 3476
5199, 4738, 7157, 7042, 1197, 6220